{
  "properties": {
    "connectionReferences": {
      "shared_office365": {
        "runtimeSource": "invoker",
        "connection": {
          "connectionReferenceLogicalName": "new_sharedoffice365_94ec1"
        },
        "api": {
          "name": "shared_office365"
        }
      }
    },
    "definition": {
      "$schema": "https://schema.management.azure.com/providers/Microsoft.Logic/schemas/2016-06-01/workflowdefinition.json#",
      "contentVersion": "1.0.0.0",
      "parameters": {
        "$connections": {
          "defaultValue": {},
          "type": "Object"
        },
        "$authentication": {
          "defaultValue": {},
          "type": "SecureObject"
        }
      },
      "triggers": {
        "manual": {
          "metadata": {
            "operationMetadataId": "89aa2dfa-52db-40fb-825c-b2af32db779e"
          },
          "type": "Request",
          "kind": "PowerApp",
          "inputs": {
            "schema": {
              "type": "object",
              "properties": {
                "Enviarumemail(V2)_Para": {
                  "type": "string",
                  "format": "email",
                  "description": "Especificar endereços de email separados por ponto e vírgula, como nome@contoso.com",
                  "x-ms-powerflows-param-ispartial": false
                },
                "Enviarumemail(V2)_Corpo": {
                  "type": "string",
                  "format": "html",
                  "description": "Especifique o corpo do email. Este parâmetro é usado como parte de \"2777A67A-BC53-4573-B7F2-848BE5CB2F7E\"",
                  "x-ms-powerflows-param-ispartial": true
                }
              },
              "required": [
                "Enviarumemail(V2)_Para",
                "Enviarumemail(V2)_Corpo"
              ]
            }
          }
        }
      },
      "actions": {
        "Enviar_um_email_(V2)": {
          "runAfter": {},
          "metadata": {
            "operationMetadataId": "ebd80b1d-7778-4491-9641-9275d8b33e40"
          },
          "type": "OpenApiConnection",
          "inputs": {
            "host": {
              "connectionName": "shared_office365",
              "operationId": "SendEmailV2",
              "apiId": "/providers/Microsoft.PowerApps/apis/shared_office365"
            },
            "parameters": {
              "emailMessage/To": "@triggerBody()['Enviarumemail(V2)_Para']",
              "emailMessage/Subject": "Novo Curso hailitado",
              "emailMessage/Body": "<p>Olá @{triggerBody()['Enviarumemail(V2)_Corpo']},<br>\n<br>\nO curso @{triggerBody()['Enviarumemail(V2)_Corpo']} foi habbilitado para que você seja um instrutor.</p>",
              "emailMessage/Importance": "Normal"
            },
            "authentication": {
              "type": "Raw",
              "value": "@json(decodeBase64(triggerOutputs().headers['X-MS-APIM-Tokens']))['$ConnectionKey']"
            }
          }
        }
      }
    },
    "templateName": null
  },
  "schemaVersion": "1.0.0.0"
}